Group,Title,Latitude,Jitter,New_Lat,Longitude,Jitter,New_Long
G01,Cupid,34.219916,0.8343354887,35.05425149,-77.879318,0.7171262919,-77.16219171
G01,Billy,34.219916,0.2196725781,34.43958858,-77.879318,0.08101929838,-77.7982987
G01,Dave,34.219916,0.8910684027,35.1109844,-77.879318,0.8942295673,-76.98508843
G01,Lucy,34.219916,0.2623470962,34.4822631,-77.879318,0.04143264941,-77.83788535
G01,Paris,34.219916,0.7022775508,34.92219355,-77.879318,0.3429123381,-77.53640566
G01,William,34.219916,0.8060356625,35.02595166,-77.879318,0.04865386386,-77.83066414
G01,Peter,34.219916,0.08675204486,34.30666804,-77.879318,0.6556706758,-77.22364732
G01,Lydia,34.219916,0.3742114077,34.59412741,-77.879318,0.7239812461,-77.15533675
G01,Hannah,34.219916,0.3385891483,34.55850515,-77.879318,0.907276333,-76.97204167
G01,Jim,34.219916,0.4098667074,34.62978271,-77.879318,0.1446968895,-77.73462111
G01,Anthony,34.219916,0.9266827585,35.14659876,-77.879318,0.1416289341,-77.73768907
G01,Redick,34.219916,0.7700732683,34.98998927,-77.879318,0.3969064569,-77.48241154
G01,Sam,34.219916,0.02683859511,34.2467546,-77.879318,0.3284098656,-77.55090813
G01,Sandy,34.219916,0.3890120475,34.60892805,-77.879318,0.1187629924,-77.76055501
G01,John,34.219916,0.9945016323,35.21441763,-77.879318,0.4119985403,-77.46731946
G01,Simon,34.219916,0.3914565149,34.61137251,-77.879318,0.3915837094,-77.48773429
G01,Harry,34.219916,0.7644269506,34.98434295,-77.879318,0.7138636247,-77.16545438
G01,Burwell,34.219916,0.7294224112,34.94933841,-77.879318,0.6104049714,-77.26891303
G01,Ben,34.219916,0.4578035079,34.67771951,-77.879318,0.2566675066,-77.62265049
G01,Romeo,34.219916,0.3990911794,34.61900718,-77.879318,0.1895696174,-77.68974838
G01,Jane,34.219916,0.8875453899,35.10746139,-77.879318,0.6678806713,-77.21143733
G01,James,34.219916,0.49368077,34.71359677,-77.879318,0.6300713288,-77.24924667
G01,Job,34.219916,0.8320202754,35.05193628,-77.879318,0.8851736861,-76.99414431
G01,Julius,34.219916,0.8593090433,35.07922504,-77.879318,0.7937904058,-77.08552759
G01,Kitty,34.219916,0.7528310654,34.97274707,-77.879318,0.4457501225,-77.43356788
G01,Margaret,34.219916,0.3718296444,34.59174564,-77.879318,0.3487617532,-77.53055625
G01,Morris,34.219916,0.3729786246,34.59289462,-77.879318,0.295732949,-77.58358505
G01,Nancy,34.219916,0.8480006825,35.06791668,-77.879318,0.6256672128,-77.25365079
G01,Philip,34.219916,0.2205036235,34.44041962,-77.879318,0.7304797555,-77.14883824
G01,Roger,34.219916,0.177180212,34.39709621,-77.879318,0.3684076709,-77.51091033
G01,Edward,34.219916,0.8453551977,35.0652712,-77.879318,0.7771606236,-77.10215738
G01,Absalom,34.219916,0.3211637065,34.54107971,-77.879318,0.5835850878,-77.29573291
G01,Gilbert,34.219916,0.1027084685,34.32262447,-77.879318,0.3900949103,-77.48922309
G01,Isaac,34.219916,0.6190424655,34.83895847,-77.879318,0.3608261134,-77.51849189
G01,Caesar,34.219916,0.2863224229,34.50623842,-77.879318,0.6583412253,-77.22097677
G01,Jack,34.219916,0.1684543178,34.38837032,-77.879318,0.8170574152,-77.06226058
G02,William,34.541195,0.3159895085,34.85718451,-77.922368,0.5631282307,-77.35923977
G03,Adam,34.632898,0.5798243013,35.2127223,-79.001653,0.3351649834,-78.66648802
G03,Charles,34.632898,0.9119984583,35.54489646,-79.001653,0.987283538,-78.01436946
G03,Atta,34.632898,0.8397873931,35.47268539,-79.001653,0.8461326027,-78.1555204
G03,Isaac,34.632898,0.2082584347,34.84115643,-79.001653,0.8153725033,-78.1862805
G03,Andrew,34.632898,0.4257046858,35.05860269,-79.001653,0.8220781551,-78.17957484
G03,Jerry,34.632898,0.4988850717,35.13178307,-79.001653,0.2954314071,-78.70622159
G03,Ben,34.632898,0.8149133745,35.44781137,-79.001653,0.8870360502,-78.11461695
G03,Shadrack,34.632898,0.4183233345,35.05122133,-79.001653,0.9127273632,-78.08892564
G03,Ralph,34.632898,0.5880939752,35.22099198,-79.001653,0.9474395141,-78.05421349
G03,Moses,34.632898,0.4132977769,35.04619578,-79.001653,0.9827830688,-78.01886993
G03,Dick,34.632898,0.9720322698,35.60493027,-79.001653,0.6327344252,-78.36891857
G03,Mathias,34.632898,0.6699849636,35.30288296,-79.001653,0.962977645,-78.03867535
G03,Carlisle,34.632898,0.7673525578,35.40025056,-79.001653,0.7092246212,-78.29242838
G03,Alfred,34.632898,0.9588624494,35.59176045,-79.001653,0.1455048715,-78.85614813
G03,Sandy,34.632898,0.6038887955,35.2367868,-79.001653,0.2810560095,-78.72059699
G04,Collins,34.767382,0.1029035905,34.87028559,-77.425318,0.2935994714,-77.13171853
G04,Anthony,34.767382,0.6307463716,35.39812837,-77.425318,0.768260131,-76.65705787
G04,Lodrick,34.767382,0.8654733216,35.63285532,-77.425318,0.8601080386,-76.56520996
G04,Linkfield,34.767382,0.4284247631,35.19580676,-77.425318,0.3031948853,-77.12212311
G04,Sal,34.767382,0.09888556773,34.86626757,-77.425318,0.4531978132,-76.97212019
G04,Virgil,34.767382,0.8033758514,35.57075785,-77.425318,0.7168600185,-76.70845798
G04,Carry,34.767382,0.5526775479,35.32005955,-77.425318,0.03688981328,-77.38842819
G04,Betty,34.767382,0.4459482209,35.21333022,-77.425318,0.3018730764,-77.12344492
G04,Hannah,34.767382,0.07493317772,34.84231518,-77.425318,0.1509372193,-77.27438078
G04,Isaac,34.767382,0.283822978,35.05120498,-77.425318,0.09893929591,-77.3263787
G04,Peter,34.767382,0.266271506,35.03365351,-77.425318,0.9602232186,-76.46509478
G04,George,34.767382,0.9059110603,35.67329306,-77.425318,0.3211293437,-77.10418866
G04,Maria,34.767382,0.3833474715,35.15072947,-77.425318,0.7813346927,-76.64398331
G04,Harry,34.767382,0.1555182647,34.92290026,-77.425318,0.4210151954,-77.0043028
G04,Lewis,34.767382,0.3089647718,35.07634677,-77.425318,0.5444125924,-76.88090541
G04,Hector,34.767382,0.9637703351,35.73115234,-77.425318,0.1386491538,-77.28666885
G04,Ben,34.767382,0.2843684644,35.05175046,-77.425318,0.4210425402,-77.00427546
G04,Henry,34.767382,0.6103379412,35.37771994,-77.425318,0.01557684253,-77.40974116
G04,Lucy,34.767382,0.3642875603,35.13166956,-77.425318,0.1512145197,-77.27410348
G04,York,34.767382,0.8320405957,35.5994226,-77.425318,0.3967453487,-77.02857265
G04,Carer,34.767382,0.9382825981,35.7056646,-77.425318,0.8297556114,-76.59556239
G04,Edmond,34.767382,0.8526989726,35.62008097,-77.425318,0.8966242323,-76.52869377
G04,Richard,34.767382,0.3474882433,35.11487024,-77.425318,0.5387571136,-76.88656089
G04,Adam,34.767382,0.3595279273,35.12690993,-77.425318,0.9095443455,-76.51577365
G04,Hercules,34.767382,0.501623025,35.26900503,-77.425318,0.03913615462,-77.38618185
G04,Solomon,34.767382,0.4104277777,35.17780978,-77.425318,0.6817478934,-76.74357011
G04,John,34.767382,0.3079874388,35.07536944,-77.425318,0.1414728088,-77.28384519
G04,Calvin,34.767382,0.008868903268,34.7762509,-77.425318,0.12162835,-77.30368965
G04,Washington,34.767382,0.7060326982,35.4734147,-77.425318,0.5716566674,-76.85366133
G04,Horace,34.767382,0.7429358524,35.51031785,-77.425318,0.2459410374,-77.17937696
G05,Esther,34.857826,0.6550255269,35.51285153,-76.573506,0.4167933058,-76.15671269
G05,Cuff,34.857826,0.1448806878,35.00270669,-76.573506,0.4873289762,-76.08617702
G05,David,34.857826,0.7485568966,35.6063829,-76.573506,0.195519357,-76.37798664
G05,Moses,34.857826,0.8077437523,35.66556975,-76.573506,0.01940597112,-76.55410003
G05,Daniel,34.857826,0.3814610892,35.23928709,-76.573506,0.4367374795,-76.13676852
G05,Kate,34.857826,0.3948608748,35.25268687,-76.573506,0.4900630252,-76.08344297
G05,Gloster,34.857826,0.9285755582,35.78640156,-76.573506,0.3923183734,-76.18118763
G05,Bate,34.857826,0.4231523136,35.28097831,-76.573506,0.7449370211,-75.82856898
G05,Grace,34.857826,0.02024780283,34.8780738,-76.573506,0.2511562641,-76.32234974
G05,Tom,34.857826,0.5968592606,35.45468526,-76.573506,0.1275469813,-76.44595902
G05,Hugh,34.857826,0.2292826648,35.08710866,-76.573506,0.3908689399,-76.18263706
G05,Jim,34.857826,0.847868278,35.70569428,-76.573506,0.07003288523,-76.50347311
G05,Isaac,34.857826,0.7839375485,35.64176355,-76.573506,0.8042813102,-75.76922469
G05,Alford,34.857826,0.5130756934,35.37090169,-76.573506,0.9514213522,-75.62208465
G06,Daniel,35.00733,0.9605638875,35.96789389,-79.723541,0.7036352545,-79.01990575
G06,Manual,35.00733,0.9876485484,35.99497855,-79.723541,0.5647108191,-79.15883018
G06,Lawrence,35.00733,0.7096280581,35.71695806,-79.723541,0.3473569187,-79.37618408
G06,Ben,35.00733,0.05292152404,35.06025152,-79.723541,0.1687617873,-79.55477921
G06,Jim,35.00733,0.6553199071,35.66264991,-79.723541,0.5914468005,-79.1320942
G06,Carolina,35.00733,0.03453631371,35.04186631,-79.723541,0.628066337,-79.09547466
G06,George,35.00733,0.6600937362,35.66742374,-79.723541,0.3575175238,-79.36602348
G06,Wilson,35.00733,0.2239148922,35.23124489,-79.723541,0.8881491198,-78.83539188
G06,Jordan,35.00733,0.6427279047,35.6500579,-79.723541,0.77770065,-78.94584035
G06,Jack,35.00733,0.1460184962,35.1533485,-79.723541,0.274941591,-79.44859941
G06,Sarah,35.00733,0.7164081544,35.72373815,-79.723541,0.946705937,-78.77683506
G06,Hannah,35.00733,0.4084626129,35.41579261,-79.723541,0.3244158378,-79.39912516
G06,Bob,35.00733,0.1096287314,35.11695873,-79.723541,0.03500518334,-79.68853582
G06,Cader,35.00733,0.9794434035,35.9867734,-79.723541,0.9786365337,-78.74490447
G07,Simon,35.008521,0.8381878764,35.84670888,-78.3185,0.6243104856,-77.69418951
G08,Penny,35.237385,0.8507146354,36.08809964,-77.657882,0.6638814942,-76.99400051
G08,George,35.237385,0.005172946761,35.24255795,-77.657882,0.9752279557,-76.68265404
G08,Providence,35.237385,0.5112940904,35.74867909,-77.657882,0.5864169035,-77.0714651
G08,Sukey,35.237385,0.6646564375,35.90204144,-77.657882,0.0633315816,-77.59455042
G08,Jerry,35.237385,0.4300596592,35.66744466,-77.657882,0.3358353272,-77.32204667
G08,Dimbo,35.237385,0.8440541966,36.0814392,-77.657882,0.4881692144,-77.16971279
G08,Lewis,35.237385,0.5914212524,35.82880625,-77.657882,0.8216433586,-76.83623864
G08,Isaac,35.237385,0.9830489226,36.22043392,-77.657882,0.2122714507,-77.44561055
G08,Kasey,35.237385,0.8964632776,36.13384828,-77.657882,0.6362194452,-77.02166255
G08,Scipio,35.237385,0.3201033364,35.55748834,-77.657882,0.7945894141,-76.86329259
G08,Ephraim,35.237385,0.1090975543,35.34648255,-77.657882,0.03966680714,-77.61821519
G08,Jim,35.237385,0.7004467113,35.93783171,-77.657882,0.6935734005,-76.9643086
G08,Millly,35.237385,0.7477328181,35.98511782,-77.657882,0.005911094723,-77.65197091
G08,New,35.237385,0.6547126018,35.8920976,-77.657882,0.006077463357,-77.65180454
G08,Cullen,35.237385,0.4807621754,35.71814718,-77.657882,0.714204858,-76.94367714
G08,Manuel,35.237385,0.1209531022,35.3583381,-77.657882,0.934320093,-76.72356191
G08,Chloe,35.237385,0.839926006,36.07731101,-77.657882,0.7786981052,-76.87918389
G08,Roxana,35.237385,0.7735038395,36.01088884,-77.657882,0.4172540403,-77.24062796
G09,Peter,35.346033,0.4085834383,35.75461644,-80.199807,0.5967347936,-79.60307221
G10,Jack,35.367308,0.9521902771,36.31949828,-77.986545,0.8860323312,-77.10051267
G10,Tom,35.367308,0.639503446,36.00681145,-77.986545,0.8829870099,-77.10355799
G10,Fereby,35.367308,0.7298507368,36.09715874,-77.986545,0.4950622432,-77.49148276
G10,Moses,35.367308,0.504473921,35.87178192,-77.986545,0.6135087793,-77.37303622
G10,Jacob,35.367308,0.7434189615,36.11072696,-77.986545,0.5077937828,-77.47875122
G10,Ephraim,35.367308,0.7494571516,36.11676515,-77.986545,0.8064780665,-77.18006693
G10,Mark,35.367308,0.2753097181,35.64261772,-77.986545,0.6754055297,-77.31113947
G10,Peter,35.367308,0.4259513516,35.79325935,-77.986545,0.3431174752,-77.64342752
G10,Theophilis,35.367308,0.3921517648,35.75945976,-77.986545,0.4105589395,-77.57598606
G10,Robbin,35.367308,0.971531151,36.33883915,-77.986545,0.114487317,-77.87205768
G10,Calvin,35.367308,0.1147098171,35.48201782,-77.986545,0.6291506738,-77.35739433
G10,Levil,35.367308,0.6282457036,35.9955537,-77.986545,0.3520980912,-77.63444691
G10,Mary,35.367308,0.946952156,36.31426016,-77.986545,0.190385056,-77.79615994
G10,Michael,35.367308,0.7027819526,36.07008995,-77.986545,0.9502911899,-77.03625381
G11,Bill,35.543253,0.1775971325,35.72085013,-76.287716,0.6175217126,-75.67019429
G11,Daniel,35.543253,0.7013108231,36.24456382,-76.287716,0.7569038453,-75.53081215
G11,Marting,35.543253,0.1811806737,35.72443367,-76.287716,0.01446094752,-76.27325505
G11,Albert,35.543253,0.9071104283,36.45036343,-76.287716,0.2398136651,-76.04790233
G12,Abram,35.602455,0.1879247722,35.79037977,-77.373422,0.9211677489,-76.45225425
G12,Jim,35.602455,0.5309071344,36.13336213,-77.373422,0.1276217366,-77.24580026
G12,Gilford,35.602455,0.3157711642,35.91822616,-77.373422,0.9661893538,-76.40723265
G12,Dave,35.602455,0.2510286611,35.85348366,-77.373422,0.7731722059,-76.60024979
G12,Peggy,35.602455,0.9203243422,36.52277934,-77.373422,0.0976966335,-77.27572537
G12,Mark,35.602455,0.1996793075,35.80213431,-77.373422,0.2521455341,-77.12127647
G12,Jacob,35.602455,0.8286891021,36.4311441,-77.373422,0.5042111376,-76.86921086
G12,Jerry,35.602455,0.2478086525,35.85026365,-77.373422,0.9420437468,-76.43137825
G12,Anderson,35.602455,0.7939906193,36.39644562,-77.373422,0.9992227686,-76.37419923
G12,Frank,35.602455,0.6271607882,36.22961579,-77.373422,0.3390822433,-77.03433976
G12,Chaney,35.602455,0.504545238,36.10700024,-77.373422,0.1451436018,-77.2282784
G12,Lazarus,35.602455,0.4152925298,36.01774753,-77.373422,0.6745068693,-76.69891513
G12,Tom,35.602455,0.8741559578,36.47661096,-77.373422,0.06448658932,-77.30893541
G13,Kitt,35.619006,0.4368949747,36.05590097,-80.503229,0.9534892706,-79.54973973
G13,Anthony,35.619006,0.7499076069,36.36891361,-80.503229,0.1409370644,-80.36229194
G13,Lizza,35.619006,0.5200262798,36.13903228,-80.503229,0.02796227843,-80.47526672
G13,Sally,35.619006,0.9263269688,36.54533297,-80.503229,0.3893601612,-80.11386884
G13,George,35.619006,0.4343703253,36.05337633,-80.503229,0.3516109263,-80.15161807
G13,Davy,35.619006,0.7281756404,36.34718164,-80.503229,0.4891372686,-80.01409173
G13,Jacob,35.619006,0.9540126382,36.57301864,-80.503229,0.9759285505,-79.52730045
G13,Neptune,35.619006,0.89990046,36.51890646,-80.503229,0.4750612557,-80.02816774
G13,Payton,35.619006,0.381225113,36.00023111,-80.503229,0.9091027345,-79.59412627
G13,Irena,35.619006,0.05244994787,35.67145595,-80.503229,0.08797374267,-80.41525526
G13,Anniky,35.619006,0.1702606836,35.78926668,-80.503229,0.155955717,-80.34727328
G13,Joe,35.619006,0.1054717459,35.72447775,-80.503229,0.3551564805,-80.14807252
G13,Moses,35.619006,0.4591845872,36.07819059,-80.503229,0.02180216754,-80.48142683
G13,Sam,35.619006,0.6156519836,36.23465798,-80.503229,0.2280769859,-80.27515201
G13,Easter,35.619006,0.8894431158,36.50844912,-80.503229,0.733594154,-79.76963485
G13,Zeek,35.619006,0.3940931003,36.0130991,-80.503229,0.01044140748,-80.49278759
G13,Scipio,35.619006,0.9314516701,36.55045767,-80.503229,0.1989252543,-80.30430375
G13,Tom,35.619006,0.6342183367,36.25322434,-80.503229,0.8987605107,-79.60446849
G13,Brister,35.619006,0.4823549449,36.10136094,-80.503229,0.08130218389,-80.42192682
G13,Alfred,35.619006,0.84693587,36.46594187,-80.503229,0.5950439099,-79.90818509
G13,Ki,35.619006,0.02977984462,35.64878584,-80.503229,0.06563825849,-80.43759074
G13,Bill,35.619006,0.1350140242,35.75402002,-80.503229,0.5791860511,-79.92404295
G13,Jack,35.619006,0.5314996862,36.15050569,-80.503229,0.6713705518,-79.83185845
G13,Gabriel,35.619006,0.8402549409,36.45926094,-80.503229,0.01760407154,-80.48562493
G13,Sampson,35.619006,0.02221502504,35.64122103,-80.503229,0.6452743627,-79.85795464
G14,Allen,35.69611,0.9246800877,36.62079009,-79.812689,0.2833635447,-79.52932546
G14,Isaac,35.69611,0.08001265558,35.77612266,-79.812689,0.4383874312,-79.37430157
G14,Harry,35.69611,0.8632494882,36.55935949,-79.812689,0.8481426032,-78.9645464
G14,Anthony,35.69611,0.7495005357,36.44561054,-79.812689,0.601035524,-79.21165348
G14,Dave,35.69611,0.5464510058,36.24256101,-79.812689,0.6328200947,-79.17986891
G14,Elijah,35.69611,0.4872630661,36.18337307,-79.812689,0.8794631008,-78.9332259
G14,Jesse,35.69611,0.1353593362,35.83146934,-79.812689,0.3542369095,-79.45845209
G14,Stephen,35.69611,0.6573974469,36.35350745,-79.812689,0.08283955506,-79.72984944
G14,Henry,35.69611,0.8515472837,36.54765728,-79.812689,0.6419049034,-79.1707841
G14,David,35.69611,0.1278600943,35.82397009,-79.812689,0.3293784634,-79.48331054
G14,Mills,35.69611,0.8947315899,36.59084159,-79.812689,0.7093822006,-79.1033068
G14,Yancy,35.69611,0.4976805014,36.1937905,-79.812689,0.4470435637,-79.36564544
G15,Coartney,35.713544,0.5905694925,36.30411349,-77.921208,0.718080017,-77.20312798
G16,Anthony,35.825928,0.3944202992,36.2203483,-76.576891,0.173017143,-76.40387386
G16,Stephen,35.825928,0.2110373671,36.03696537,-76.576891,0.06192246669,-76.51496853
G16,Achillis,35.825928,0.4223271488,36.24825515,-76.576891,0.395094509,-76.18179649
G16,Jim,35.825928,0.8648902992,36.6908183,-76.576891,0.1031797026,-76.4737113
G16,Provy,35.825928,0.5943371079,36.42026511,-76.576891,0.2388859247,-76.33800508
G16,Dave,35.825928,0.3135139621,36.13944196,-76.576891,0.2046943217,-76.37219668
G17,Peter,35.837445,0.1534255095,35.99087051,-77.112465,0.01172829061,-77.10073671
G18,Dave,35.921582,0.368860555,36.29044255,-82.296633,0.6115036198,-81.68512938
G18,Jesse,35.921582,0.3669254195,36.28850742,-82.296633,0.2552240474,-82.04140895
G18,Tom,35.921582,0.7190530605,36.64063506,-82.296633,0.04353410682,-82.25309889
G19,Ayrs,35.92759,0.2755846365,36.20317464,-76.248066,0.7741590862,-75.47390691
G20,Isaac,36.068838,0.1007169389,36.16955494,-79.099462,0.05674250258,-79.0427195
G20,Jim,36.068838,0.189697738,36.25853574,-79.099462,0.04414648584,-79.05531551
G20,Sam,36.068838,0.8953507084,36.96418871,-79.099462,0.927057066,-78.17240493
G20,George,36.068838,0.4681384119,36.53697641,-79.099462,0.8507706271,-78.24869137
G20,Bob,36.068838,0.62339829,36.69223629,-79.099462,0.202117028,-78.89734497
G20,Priscilla,36.068838,0.3911604242,36.45999842,-79.099462,0.07946271704,-79.01999928
G20,Kimber,36.068838,0.8005801808,36.86941818,-79.099462,0.1706244263,-78.92883757
G20,Sylva,36.068838,0.6711921203,36.74003012,-79.099462,0.9111422038,-78.1883198
G20,Ben,36.068838,0.01604793521,36.08488594,-79.099462,0.416744142,-78.68271786
G20,Dave,36.068838,0.8424020226,36.91124002,-79.099462,0.1402564071,-78.95920559
G20,Jack,36.068838,0.4037447333,36.47258273,-79.099462,0.7841728085,-78.31528919
G20,Samuel,36.068838,0.7625683751,36.83140638,-79.099462,0.2288114256,-78.87065057
G20,Crawford,36.068838,0.3728004053,36.44163841,-79.099462,0.4761273049,-78.6233347
G20,Dick,36.068838,0.1608781397,36.22971614,-79.099462,0.05500818625,-79.04445381
G20,Sally,36.068838,0.2088111951,36.2776492,-79.099462,0.496587706,-78.60287429
G20,Needham,36.068838,0.3119676371,36.38080564,-79.099462,0.07399695004,-79.02546505
G20,Summer,36.068838,0.07752031627,36.14635832,-79.099462,0.1058003473,-78.99366165
G20,Kinchelow,36.068838,0.8271801683,36.89601817,-79.099462,0.9499878168,-78.14947418
G20,Osborn,36.068838,0.8809224191,36.94976042,-79.099462,0.6585605974,-78.4409014
G20,Amos,36.068838,0.3741650882,36.44300309,-79.099462,0.2655744962,-78.8338875
G20,Griffin,36.068838,0.1114821743,36.18032017,-79.099462,0.9345373215,-78.16492468
G20,Charles,36.068838,0.08920808597,36.15804609,-79.099462,0.9908382386,-78.10862376
G20,Lewis,36.068838,0.3044302959,36.3732683,-79.099462,0.5013775302,-78.59808447
G21,Tom,36.077804,0.08482492643,36.16262893,-76.9588,0.2799191718,-76.67888083
G21,Lewis,36.077804,0.3355499345,36.41335393,-76.9588,0.4971733285,-76.46162667
G21,Tempy,36.077804,0.9080503225,36.98585432,-76.9588,0.3377186069,-76.62108139
G21,Daniel,36.077804,0.7901875796,36.86799158,-76.9588,0.5308442105,-76.42795579
G21,Abraham,36.077804,0.03051960494,36.1083236,-76.9588,0.4987986446,-76.46000136
G21,Emily,36.077804,0.02923524609,36.10703925,-76.9588,0.8069644502,-76.15183555
G22,Harry,36.161773,0.4860064237,36.64777942,-76.638552,0.9220694105,-75.71648259
G22,Joe,36.161773,0.6934812528,36.85525425,-76.638552,0.5435607796,-76.09499122
G22,Fed,36.161773,0.9788003729,37.14057337,-76.638552,0.01932067724,-76.61923132
G22,Jack,36.161773,0.9660842697,37.12785727,-76.638552,0.8035475937,-75.83500441
G22,Luke,36.161773,0.1095711489,36.27134415,-76.638552,0.6970073724,-75.94154463
G22,Mingo,36.161773,0.4041860872,36.56595909,-76.638552,0.8670174516,-75.77153455
G22,Peter,36.161773,0.5746727163,36.73644572,-76.638552,0.946009938,-75.69254206
G22,Sam,36.161773,0.9581622929,37.11993529,-76.638552,0.6749437672,-75.96360823
G22,Cherry,36.161773,0.1388315001,36.3006045,-76.638552,0.2135537507,-76.42499825
G22,Hanse,36.161773,0.5271617043,36.6889347,-76.638552,0.9454893602,-75.69306264
G22,Isaac,36.161773,0.03658818444,36.19836118,-76.638552,0.2384085585,-76.40014344
G22,Lucy,36.161773,0.1119768352,36.27374984,-76.638552,0.6506812457,-75.98787075
G22,Dave,36.161773,0.9796106799,37.14138368,-76.638552,0.731344647,-75.90720735
G22,Affa,36.161773,0.08361253345,36.24538553,-76.638552,0.3204676334,-76.31808437
G22,Jesse,36.161773,0.7180722792,36.87984528,-76.638552,0.9971657225,-75.64138628
G22,Clarissa,36.161773,0.003999003286,36.165772,-76.638552,0.3679977875,-76.27055421
G22,Mariam,36.161773,0.7858262482,36.94759925,-76.638552,0.585167305,-76.0533847
G22,John,36.161773,0.7330747555,36.89484776,-76.638552,0.3873707776,-76.25118122
G22,Hughes,36.161773,0.6403651717,36.80213817,-76.638552,0.5374015751,-76.10115042
G22,Bill,36.161773,0.6060144133,36.76778741,-76.638552,0.3242140748,-76.31433793
G22,Giles,36.161773,0.4569123005,36.6186853,-76.638552,0.1976116903,-76.44094031
G22,Henry,36.161773,0.3408898372,36.50266284,-76.638552,0.04953861159,-76.58901339
G22,Jim,36.161773,0.7469607488,36.90873375,-76.638552,0.7202012886,-75.91835071
G22,Derry,36.161773,0.06885430781,36.23062731,-76.638552,0.245753184,-76.39279882
G22,Jerry,36.161773,0.2187882334,36.38056123,-76.638552,0.9533219867,-75.68523001
G22,Azzy,36.161773,0.6974695903,36.85924259,-76.638552,0.5360189696,-76.10253303
G22,Antony,36.161773,0.6826863652,36.84445937,-76.638552,0.7914150814,-75.84713692
G23,Lewis,36.161865,0.4076283202,36.56949332,-81.166003,0.4279135846,-80.73808942
G23,Miles,36.161865,0.7067395685,36.86860457,-81.166003,0.1317779666,-81.03422503
G24,Peter,36.183495,0.8333532847,37.01684828,-76.472812,0.2014146662,-76.27139733
G24,Flora,36.183495,0.3579741824,36.54146918,-76.472812,0.4115108194,-76.06130118
G24,Joe,36.183495,0.7224005896,36.90589559,-76.472812,0.2293864203,-76.24342558
G24,Eve,36.183495,0.004709324801,36.18820432,-76.472812,0.2332315284,-76.23958047
G24,Sall,36.183495,0.1680018381,36.35149684,-76.472812,0.08406660564,-76.38874539
G25,George,36.26963,0.4232326044,36.6928626,-77.648392,0.65104558,-76.99734642
G25,Fred,36.26963,0.8353211001,37.1049511,-77.648392,0.9416402413,-76.70675176
G25,John,36.26963,0.5378807619,36.80751076,-77.648392,0.3263686834,-77.32202332
G25,Austin,36.26963,0.6804704462,36.95010045,-77.648392,0.3631064092,-77.28528559
G25,Kinchen,36.26963,0.04873376135,36.31836376,-77.648392,0.4733934373,-77.17499856
G25,Pleasant,36.26963,0.1285446401,36.39817464,-77.648392,0.1956790829,-77.45271292
G25,Polly,36.26963,0.06406561346,36.33369561,-77.648392,0.4964633454,-77.15192865
G25,Harris,36.26963,0.3965454991,36.6661755,-77.648392,0.6254198392,-77.02297216
G25,Moses,36.26963,0.08219149075,36.35182149,-77.648392,0.6296863319,-77.01870567
G25,Nat,36.26963,0.9268397502,37.19646975,-77.648392,0.9173132572,-76.73107874
G25,Peter,36.26963,0.2642945375,36.53392454,-77.648392,0.07923359537,-77.5691584
G25,Adaline,36.26963,0.749627581,37.01925758,-77.648392,0.03031996242,-77.61807204
G25,Arnol,36.26963,0.7392114057,37.00884141,-77.648392,0.9504960939,-76.69789591
G25,Cory,36.26963,0.9846108981,37.2542409,-77.648392,0.5969642381,-77.05142776
G25,Emily,36.26963,0.5941391301,36.86376913,-77.648392,0.1283072366,-77.52008476
G25,Fanny,36.26963,0.791587088,37.06121709,-77.648392,0.04273723735,-77.60565476
G25,King,36.26963,0.4710528629,36.74068286,-77.648392,0.7346051142,-76.91378689
G25,Nanny,36.26963,0.5091267201,36.77875672,-77.648392,0.3011581599,-77.34723384
G25,Daniel,36.26963,0.1246780925,36.39430809,-77.648392,0.4831483615,-77.16524364
G25,Crawford,36.26963,0.8050146245,37.07464462,-77.648392,0.3949907857,-77.25340121
G25,Charles,36.26963,0.5496504746,36.81928047,-77.648392,0.3072840994,-77.3411079
G25,Cinderella,36.26963,0.6800681398,36.94969814,-77.648392,0.4202455016,-77.2281465
G25,Frank,36.26963,0.07565258895,36.34528259,-77.648392,0.8794920622,-76.76889994
G25,Arthur,36.26963,0.5997338351,36.86936384,-77.648392,0.3327137758,-77.31567822
G25,Creecy,36.26963,0.2116000738,36.48123007,-77.648392,0.8488153829,-76.79957662
G25,Lewis,36.26963,0.8100801092,37.07971011,-77.648392,0.6205171217,-77.02787488
G25,Ben,36.26963,0.6232387577,36.89286876,-77.648392,0.7757796228,-76.87261238
G25,Harry,36.26963,0.6641391671,36.93376917,-77.648392,0.002263108333,-77.64612889
G25,Simon,36.26963,0.9108228958,37.1804529,-77.648392,0.2785707126,-77.36982129
G25,Amos,36.26963,0.1318309426,36.40146094,-77.648392,0.8487693204,-76.79962268
G25,Caesar,36.26963,0.3509982996,36.6206283,-77.648392,0.9567820609,-76.69160994
G25,William,36.26963,0.3858666889,36.65549669,-77.648392,0.04495127346,-77.60344073
G25,Wiley,36.26963,0.3438782791,36.61350828,-77.648392,0.3207723425,-77.32761966
G25,Isaac,36.26963,0.6941541314,36.96378413,-77.648392,0.5235039371,-77.12488806
G26,Manuel,36.285807,0.4049505549,36.69075755,-76.223765,0.5195450954,-75.7042199
G26,Harriet,36.285807,0.7565014077,37.04230841,-76.223765,0.07769673967,-76.14606826
G26,Edmund,36.285807,0.4324040695,36.71821107,-76.223765,0.8751373421,-75.34862766
G26,Jane,36.285807,0.003166935708,36.28897394,-76.223765,0.2393323087,-75.98443269
G26,Henry,36.285807,0.01234264484,36.29814964,-76.223765,0.5469836393,-75.67678136
G27,Gilbert,36.333825,0.3314696972,36.6652947,-78.655305,0.7601964316,-77.89510857
G27,Dick,36.333825,0.3739211441,36.70774614,-78.655305,0.468924651,-78.18638035
G27,Charles,36.333825,0.8538311618,37.18765616,-78.655305,0.4097839865,-78.24552101
G27,Humprhey,36.333825,0.5285768496,36.86240185,-78.655305,0.6308999752,-78.02440502
G27,John,36.333825,0.728960781,37.06278578,-78.655305,0.5754817712,-78.07982323
G27,Anderson,36.333825,0.2052464933,36.53907149,-78.655305,0.8764749083,-77.77883009
G27,Ransom,36.333825,0.2632414335,36.59706643,-78.655305,0.2786048018,-78.3767002
G27,Pleasant,36.333825,0.5878872003,36.9217122,-78.655305,0.4188940824,-78.23641092
G27,Thompson,36.333825,0.6206668307,36.95449183,-78.655305,0.2837279317,-78.37157707
G27,Willie,36.333825,0.06201699333,36.39584199,-78.655305,0.9581536566,-77.69715134
G27,Gid,36.333825,0.5389966046,36.8728216,-78.655305,0.6407613359,-78.01454366
G27,Jane,36.333825,0.2507403551,36.58456536,-78.655305,0.528580864,-78.12672414
G27,Jordan,36.333825,0.9923258325,37.32615083,-78.655305,0.2484431926,-78.40686181
G27,Robin,36.333825,0.4633338182,36.79715882,-78.655305,0.3926784144,-78.26262659
G27,Bill,36.333825,0.2943304429,36.62815544,-78.655305,0.4317514803,-78.22355352
G27,Peter,36.333825,0.2645679894,36.59839299,-78.655305,0.4977235298,-78.15758147
G27,Martha,36.333825,0.4334977013,36.7673227,-78.655305,0.4796736772,-78.17563132
G28,Anderson,36.359582,0.5022957254,36.86187773,-76.997139,0.2551308866,-76.74200811
G28,John,36.359582,0.6562478741,37.01582987,-76.997139,0.0674537218,-76.92968528
G29,Braxton,36.382342,0.6843218054,37.06666381,-77.417189,0.9203383885,-76.49685061
G29,Jim,36.382342,0.3536984509,36.73604045,-77.417189,0.2906160902,-77.12657291
G29,Sam,36.386752,0.7811961126,37.16794811,-78.983214,0.3275253903,-78.65568861
G29,Edmond,36.386752,0.003733381859,36.39048538,-78.983214,0.04663091901,-78.93658308
G29,Ben,36.386752,0.1354737936,36.52222579,-78.983214,0.5565211086,-78.42669289
G29,Tabitha,36.386752,0.3159632142,36.70271521,-78.983214,0.9220392961,-78.0611747
G29,Sawney,36.386752,0.2944180189,36.68117002,-78.983214,0.6196253361,-78.36358866
G29,Solomon,36.386752,0.3201686922,36.70692069,-78.983214,0.8643365926,-78.11887741
G29,Jim,36.386752,0.9444683974,37.3312204,-78.983214,0.9976899537,-77.98552405
G29,Alexander,36.386752,0.1291038281,36.51585583,-78.983214,0.3531729515,-78.63004105
G29,Cary,36.386752,0.2325679024,36.6193199,-78.983214,0.8247696956,-78.1584443
G29,Henry,36.386752,0.647416773,37.03416877,-78.983214,0.7268548173,-78.25635918
G29,Allen,36.386752,0.2102651242,36.59701712,-78.983214,0.419137023,-78.56407698
G30,Jacob,36.389888,0.9463724225,37.33626042,-80.723162,0.7882295947,-79.93493241
G31,Isaac,36.394785,0.8581474436,37.25293244,-79.763569,0.3387916261,-79.42477737
G31,John,36.394785,0.1886000006,36.583385,-79.763569,0.9074379187,-78.85613108
G31,Abby,36.394785,0.64549346,37.04027846,-79.763569,0.0582236431,-79.70534536
G31,Allen,36.394785,0.3809371324,36.77572213,-79.763569,0.9844843024,-78.7790847
G31,Jim,36.394785,0.1860701723,36.58085517,-79.763569,0.0296819965,-79.733887
G31,Billy,36.394785,0.322420125,36.71720512,-79.763569,0.8369883257,-78.92658067
G31,Dick,36.394785,0.6768747657,37.07165977,-79.763569,0.3192512437,-79.44431776
G31,Abram,36.394785,0.5675220756,36.96230708,-79.763569,0.6708436837,-79.09272532
G31,Solomon,36.394785,0.1915875448,36.58637254,-79.763569,0.1614705414,-79.60209846
G31,Moses,36.394785,0.1639385951,36.5587236,-79.763569,0.1849645023,-79.5786045
G32,Alford,36.402877,0.8619482798,37.26482528,-78.159693,0.8249847762,-77.33470822
G32,Phagon,36.402877,0.1747584951,36.5776355,-78.159693,0.7950938957,-77.3645991
G32,Shadrack,36.402877,0.6636973991,37.0665744,-78.159693,0.7478680074,-77.41182499
G32,Jack,36.402877,0.3350552872,36.73793229,-78.159693,0.2531728879,-77.90652011
G32,Ned,36.402877,0.1527714625,36.55564846,-78.159693,0.310000547,-77.84969245
G32,Austin,36.402877,0.6042397358,37.00711674,-78.159693,0.2335254441,-77.92616756
G32,Fed,36.402877,0.6238643921,37.02674139,-78.159693,0.1395327725,-78.02016023
G32,Ferry,36.402877,0.29249501,36.69537201,-78.159693,0.9787414618,-77.18095154
G32,Nelson,36.402877,0.9171478479,37.32002485,-78.159693,0.9824760988,-77.1772169
G32,Elan,36.402877,0.9999673928,37.40284439,-78.159693,0.8983896557,-77.26130334
G32,Dick,36.402877,0.437891256,36.84076826,-78.159693,0.8333956983,-77.3262973
G32,Moses,36.402877,0.9019304978,37.3048075,-78.159693,0.7224525451,-77.43724045
G33,Sam,36.404389,0.9140677989,37.3184568,-80.208031,0.8687347761,-79.33929622
G33,Leonard,36.404389,0.2358221424,36.64021114,-80.208031,0.8866503757,-79.32138062
G34,Croatan,36.439381,0.3630363657,36.80241737,-76.088869,0.3332975426,-75.75557146
G34,Merica,36.439381,0.9439416193,37.38332262,-76.088869,0.8047458085,-75.28412319
G34,Abram,36.439381,0.6124312533,37.05181225,-76.088869,0.6988030481,-75.39006595
G34,Nero,34.093877,0.7488874517,34.84276445,-78.1613,0.4277516483,-77.73354835
G34,Isaac,34.093877,0.2929816929,34.38685869,-78.1613,0.3882631349,-77.77303687
G35,Celia,34.321375,0.8908304184,35.21220542,-78.684081,0.4440851571,-78.23999584
G35,Brister,34.321375,0.3407534494,34.66212845,-78.684081,0.09143394886,-78.59264705
G36,Scip,34.622239,0.9428996422,35.56513864,-78.602589,0.9086300558,-77.69395894
G36,Nelson,34.622239,0.8900122628,35.51225126,-78.602589,0.08805726559,-78.51453173
G36,Sally,34.622239,0.6028822816,35.22512128,-78.602589,0.3510156041,-78.2515734
G36,Adam,34.622239,0.7604381695,35.38267717,-78.602589,0.1534953588,-78.44909364
G36,Joe,34.622239,0.8987935396,35.52103254,-78.602589,0.1809584835,-78.42163052
G36,Peter,34.622239,0.1267771593,34.74901616,-78.602589,0.1052375633,-78.49735144
G36,Bob,34.622239,0.5584833375,35.18072234,-78.602589,0.7361197938,-77.86646921
G36,Dick,34.622239,0.06633531955,34.68857432,-78.602589,0.1213170915,-78.48127191
G36,Alick,34.622239,0.298258168,34.92049717,-78.602589,0.6886155998,-77.9139734
G36,Luner,34.622239,0.4992586998,35.1214977,-78.602589,0.8387391615,-77.76384984
G37,Ned,34.955589,0.8545750245,35.81016402,-77.960073,0.9012158169,-77.05885718
G37,Caleb,34.955589,0.1356828527,35.09127185,-77.960073,0.340536059,-77.61953694
G37,Joe,34.955589,0.7914115521,35.74700055,-77.960073,0.692633144,-77.26743986
G37,Arthur,34.955589,0.8180849949,35.77367399,-77.960073,0.336097606,-77.62397539
G37,Esther,34.955589,0.4922468445,35.44783584,-77.960073,0.9005214015,-77.0595516
G37,Jack,34.955589,0.5701656264,35.52575463,-77.960073,0.706174296,-77.2538987
G37,Mose,34.955589,0.5211502007,35.4767392,-77.960073,0.01638130076,-77.9436917
G38,Willis,34.955634,0.5370787485,35.49271275,-80.076277,0.6497354765,-79.42654152
G38,Hardy,34.955634,0.3968384907,35.35247249,-80.076277,0.9821421653,-79.09413483
G38,Sarah,34.955634,0.2057066567,35.16134066,-80.076277,0.6661293666,-79.41014763
G38,Stepny,34.955634,0.154422961,35.11005696,-80.076277,0.2855096546,-79.79076735
G38,Dolly,34.955634,0.03594303145,34.99157703,-80.076277,0.7173093098,-79.35896769
G38,Joe,34.955634,0.212743178,35.16837718,-80.076277,0.6501241081,-79.42615289
G38,Ellis,34.955634,0.2007391937,35.15637319,-80.076277,0.02895312648,-80.04732387
G38,Abram,34.955634,0.5646253832,35.52025938,-80.076277,0.595169638,-79.48110736
G38,Ephraim,34.955634,0.1382421643,35.09387616,-80.076277,0.9469334492,-79.12934355
G38,Phillis,34.955634,0.1601740228,35.11580802,-80.076277,0.2234442083,-79.85283279
G38,Tom,34.955634,0.2560904476,35.21172445,-80.076277,0.110738452,-79.96553855
G38,Peter,34.955634,0.2595048063,35.21513881,-80.076277,0.9013018007,-79.1749752
G38,Deen,34.955634,0.416344199,35.3719782,-80.076277,0.4351677092,-79.64110929
G38,Jinny,34.955634,0.1444756921,35.10010969,-80.076277,0.7106944302,-79.36558257
G38,Hauzer,34.955634,0.8682412574,35.82387526,-80.076277,0.2061307304,-79.87014627
G38,Jim,34.955634,0.7554128432,35.71104684,-80.076277,0.2032790468,-79.87299795
G38,Sam,34.955634,0.5117492114,35.46738321,-80.076277,0.1489762002,-79.9273008
G39,Isaac,35.062555,0.868134161,35.93068916,-78.876896,0.6678489328,-78.20904707
G39,Sam,35.062555,0.7726080488,35.83516305,-78.876896,0.9749246029,-77.9019714
G39,Jim,35.062555,0.3614366117,35.42399161,-78.876896,0.7619551703,-78.11494083
G39,Reddock,35.062555,0.7822347994,35.8447898,-78.876896,0.4624348787,-78.41446112
G39,Caesar,35.062555,0.9114572188,35.97401222,-78.876896,0.4613855277,-78.41551047
G39,Penny,35.062555,0.894626958,35.95718196,-78.876896,0.09840281812,-78.77849318
G39,Sandy,35.062555,0.255885526,35.31844053,-78.876896,0.1801754102,-78.69672059
G39,Simon,35.062555,0.07650900321,35.139064,-78.876896,0.154785726,-78.72211027
G39,Tener,35.062555,0.6199690057,35.68252401,-78.876896,0.0201661357,-78.85672986
G39,Shadrack,35.062555,0.1938021819,35.25635718,-78.876896,0.4785188968,-78.3983771
G39,Willis,35.062555,0.3128055531,35.37536055,-78.876896,0.1620636763,-78.71483232
G39,Ben,35.062555,0.3325679796,35.39512298,-78.876896,0.3485058007,-78.5283902
G39,Bill,35.062555,0.1648822412,35.22743724,-78.876896,0.7268639123,-78.15003209
G39,Frank,35.062555,0.7595139435,35.82206894,-78.876896,0.3282207392,-78.54867526
G39,Peter,35.062555,0.8676388247,35.93019382,-78.876896,0.1629091026,-78.7139869
G39,Charles,35.062555,0.9977135035,36.0602685,-78.876896,0.8943795213,-77.98251648
G39,Stephen,35.062555,0.3275817036,35.3901367,-78.876896,0.5733565896,-78.30353941
G39,Charles:,35.062555,0.3972639378,35.45981894,-78.876896,0.7326575515,-78.14423845
G39,Ephraim,35.062555,0.4988408601,35.56139586,-78.876896,0.9432320326,-77.93366397
G39,Lovelace,35.062555,0.9761938509,36.03874885,-78.876896,0.3951333734,-78.48176263
G39,Tom,35.062555,0.3998734832,35.46242848,-78.876896,0.08438965759,-78.79250634
G39,Judy,35.062555,0.7301690579,35.79272406,-78.876896,0.6487079749,-78.22818803
G39,Dick,35.062555,0.9462138185,36.00876882,-78.876896,0.2486180187,-78.62827798
G39,Jemimah,35.062555,0.924688712,35.98724371,-78.876896,0.4000117529,-78.47688425
G39,Balaam,35.062555,0.08882414401,35.15137914,-78.876896,0.7999446703,-78.07695133
G39,Dublin,35.062555,0.5328971155,35.59545212,-78.876896,0.8542123511,-78.02268365
G39,Satira,35.062555,0.4869089533,35.54946395,-78.876896,0.4511650516,-78.42573095
G39,Sanders,35.062555,0.2363670027,35.298922,-78.876896,0.2997437447,-78.57715226
G39,Jessee,35.062555,0.4683346891,35.53088969,-78.876896,0.2991316147,-78.57776439
G39,Dave,35.062555,0.6138706951,35.6764257,-78.876896,0.05848741868,-78.81840858
G39,Hampton,35.062555,0.4464969805,35.50905198,-78.876896,0.008898632961,-78.86799737
G39,Hector,35.062555,0.9810041277,36.04355913,-78.876896,0.104670501,-78.7722255
G39,Clary,35.062555,0.8291644745,35.89171947,-78.876896,0.8470564573,-78.02983954
G39,Jacob,35.062555,0.06644870914,35.12900371,-78.876896,0.2421474435,-78.63474856
G39,Ann,35.062555,0.03520049583,35.0977555,-78.876896,0.02626546788,-78.85063053
G39,Febabry,35.062555,0.401653104,35.4642081,-78.876896,0.5983731816,-78.27852282
G39,Henry,35.062555,0.7449403994,35.8074954,-78.876896,0.7509985395,-78.12589746
G39,John,35.062555,0.1209275924,35.18348259,-78.876896,0.3069502927,-78.56994571
G39,Edy,35.062555,0.3683274328,35.43088243,-78.876896,0.03182578326,-78.84507022
G40,Dick,35.073583,0.3076216918,35.38120469,-77.357975,0.3249621607,-77.03301284
G40,Toney,35.073583,0.7937571128,35.86734011,-77.357975,0.4233643215,-76.93461068
G40,Anic,35.073583,0.1465867108,35.22016971,-77.357975,0.2853333933,-77.07264161
G40,Elias,35.073583,0.3551405583,35.42872356,-77.357975,0.328521147,-77.02945385
G40,Floresco,35.073583,0.8490156315,35.92259863,-77.357975,0.4902578074,-76.86771719
G40,Jack,35.073583,0.1532943112,35.22687731,-77.357975,0.9662677909,-76.39170721
G40,Kesiah,35.073583,0.5766360676,35.65021907,-77.357975,0.6844984084,-76.67347659
G40,London,35.073583,0.1218427395,35.19542574,-77.357975,0.917402726,-76.44057227
G40,Cot,35.073583,0.7098656407,35.78344864,-77.357975,0.135414291,-77.22256071
G40,Jerry,35.073583,0.7219472288,35.79553023,-77.357975,0.8162198545,-76.54175515
G40,Jim,35.073583,0.6588065453,35.73238955,-77.357975,0.02135031537,-77.33662468
G40,John,35.073583,0.772053128,35.84563613,-77.357975,0.04746318386,-77.31051182
G40,Bob,35.073583,0.7148640522,35.78844705,-77.357975,0.8761074045,-76.4818676
G40,Rachel,35.073583,0.5092873785,35.58287038,-77.357975,0.6172925446,-76.74068246
G40,Ned,35.073583,0.9704560055,36.04403901,-77.357975,0.242290702,-77.1156843
G40,Cato,35.073583,0.5820950523,35.65567805,-77.357975,0.9022224758,-76.45575252
G40,Isaac,35.073583,0.2089942986,35.2825773,-77.357975,0.09122821898,-77.26674678
G40,Lucy,35.073583,0.786240158,35.85982316,-77.357975,0.0272558475,-77.33071915
G40,Temp,35.073583,0.5794474167,35.65303042,-77.357975,0.5158108151,-76.84216418
G40,Delila,35.073583,0.1786113613,35.25219436,-77.357975,0.7979760854,-76.55999891
G40,Martin,35.073583,0.3398446563,35.41342766,-77.357975,0.6920945649,-76.66588044
G40,Peter,35.073583,0.8886867269,35.96226973,-77.357975,0.6035688465,-76.75440615
G40,Ellis,35.073583,0.5806877386,35.65427074,-77.357975,0.8360255495,-76.52194945
G40,Washington,35.073583,0.8524682799,35.92605128,-77.357975,0.5391221187,-76.81885288
G40,Harriet,35.073583,0.5491552617,35.62273826,-77.357975,0.5065125301,-76.85146247
G40,Mary,35.073583,0.6277677423,35.70135074,-77.357975,0.2647386297,-77.09323637
G40,Sam,35.073583,0.493099667,35.56668267,-77.357975,0.9817342268,-76.37624077
G40,Horace,35.073583,0.9256046546,35.99918765,-77.357975,0.2527411004,-77.1052339
G40,Robert,35.073583,0.1631553004,35.2367383,-77.357975,0.8715904685,-76.48638453
G40,Sampson,35.073583,0.9759868889,36.04956989,-77.357975,0.07744382908,-77.28053117
G41,Joe,35.118396,0.662930329,35.78132633,-77.063348,0.6382898463,-76.42505815
G41,Kit,35.118396,0.006427818551,35.12482382,-77.063348,0.1076106432,-76.95573736
G41,Sam,35.118396,0.9605050726,36.07890107,-77.063348,0.245028804,-76.8183192
G41,Bob,35.118396,0.0702823045,35.1886783,-77.063348,0.2809524672,-76.78239553
G41,Nat,35.118396,0.3866846274,35.50508063,-77.063348,0.9085035096,-76.15484449
G41,Rose,35.118396,0.04455388022,35.16294988,-77.063348,0.8120942736,-76.25125373
G41,Alfred,35.118396,0.9921653997,36.1105614,-77.063348,0.5166783093,-76.54666969
G41,Tom,35.118396,0.6015545008,35.7199505,-77.063348,0.5277462745,-76.53560173
G41,John,35.118396,0.9406031648,36.05899916,-77.063348,0.01400627328,-77.04934173
G41,London,35.118396,0.3271341497,35.44553015,-77.063348,0.6808523721,-76.38249563
G41,Hughs,35.118396,0.7292747532,35.84767075,-77.063348,0.2304808396,-76.83286716
G41,Lewis,35.118396,0.3447097111,35.46310571,-77.063348,0.2928966966,-76.7704513
G41,Aaron,35.118396,0.08348793656,35.20188394,-77.063348,0.7199357023,-76.3434123
G41,Jacob,35.118396,0.9467060786,36.06510208,-77.063348,0.3620802036,-76.7012678
G41,Stella,35.118396,0.8231222411,35.94151824,-77.063348,0.1114760748,-76.95187193
G41,Marinda,35.118396,0.9240976023,36.0424936,-77.063348,0.2846207507,-76.77872725
G41,Lifford,35.118396,0.885811462,36.00420746,-77.063348,0.9035099954,-76.159838
G41,Dick,35.118396,0.814451343,35.93284734,-77.063348,0.02498642817,-77.03836157
G41,George,35.118396,0.3755623176,35.49395832,-77.063348,0.133378527,-76.92996947
G41,Ally,35.118396,0.9062929347,36.02468893,-77.063348,0.4745771838,-76.58877082
G41,Solomon,35.118396,0.9304278578,36.04882386,-77.063348,0.7309976186,-76.33235038
G41,Oster,35.118396,0.9929396786,36.11133568,-77.063348,0.9214828357,-76.14186516
G41,Molly,35.118396,0.6387250696,35.75712107,-77.063348,0.8592994089,-76.20404859
G41,Sarah,35.118396,0.9654910294,36.08388703,-77.063348,0.05884676364,-77.00450124
G41,Gilbo,35.118396,0.02883756053,35.14723356,-77.063348,0.1077859529,-76.95556205
G41,Calvin,35.118396,0.9788819255,36.09727793,-77.063348,0.7565641752,-76.30678382
G41,Isaac,35.118396,0.4896336116,35.60802961,-77.063348,0.9415077363,-76.12184026
G41,Juda,35.118396,0.1763569528,35.29475295,-77.063348,0.2591732368,-76.80417476
G41,Moses,35.118396,0.6018396076,35.72023561,-77.063348,0.4226975708,-76.64065043
G41,Fanny,35.118396,0.5791116621,35.69750766,-77.063348,0.2286146651,-76.83473333
G41,Ezekiel,35.118396,0.8583480117,35.97674401,-77.063348,0.4756962703,-76.58765173
G41,Polly,35.118396,0.4549888873,35.57338489,-77.063348,0.3789237448,-76.68442426
G41,Caesear,35.118396,0.7845387478,35.90293475,-77.063348,0.1203980452,-76.94294995
G41,Toney,35.118396,0.1919591794,35.31035518,-77.063348,0.4338854326,-76.62946257
G41,Owen,35.118396,0.5275127704,35.64590877,-77.063348,0.3710373296,-76.69231067
G41,Tempy,35.118396,0.7907266128,35.90912261,-77.063348,0.9393613313,-76.12398667
G41,Bill,35.118396,0.1330571295,35.25145313,-77.063348,0.3046848419,-76.75866316
G41,Wiley,35.118396,0.6313779621,35.74977396,-77.063348,0.5686453452,-76.49470265
G41,Nance,35.118396,0.3666932492,35.48508925,-77.063348,0.0193842421,-77.04396376
G41,Simon,35.118396,0.1898555839,35.30825158,-77.063348,0.0392037245,-77.02414428
G41,Lucy,35.118396,0.5339331789,35.65232918,-77.063348,0.4006415524,-76.66270645
G41,Sukey,35.118396,0.1126282462,35.23102425,-77.063348,0.5080148899,-76.55533311
G41,Pollock,35.118396,0.1166433664,35.23503937,-77.063348,0.3252947179,-76.73805328
G41,Burton,35.118396,0.1868286615,35.30522466,-77.063348,0.3040767563,-76.75927124
G41,Henry,35.118396,0.5470733936,35.66546939,-77.063348,0.8850878061,-76.17826019
G41,Judy,35.118396,0.6560180853,35.77441409,-77.063348,0.3922512484,-76.67109675
G41,Mary,35.118396,0.2966556373,35.41505164,-77.063348,0.5931219917,-76.47022601
G41,Nelson,35.118396,0.3694464939,35.48784249,-77.063348,0.9223523098,-76.14099569
G41,Samuel,35.118396,0.9492549455,36.06765095,-77.063348,0.232449804,-76.8308982
G41,William,35.118396,0.9591473458,36.07754335,-77.063348,0.3092599753,-76.75408802
G41,Jack,35.118396,0.6724016952,35.7907977,-77.063348,0.8582410466,-76.20510695
G41,Sidney,35.118396,0.6115089527,35.72990495,-77.063348,0.2999944856,-76.76335351
G41,Haywood,35.118396,0.6875606335,35.80595663,-77.063348,0.5171220951,-76.5462259
G42,Simon,35.237997,0.7382955692,35.97629257,-80.81653,0.5263669072,-80.29016309
G42,Cain,35.237997,0.9921798128,36.23017681,-80.81653,0.996546129,-79.81998387
G42,Charles:Moses,35.237997,0.6097696525,35.84776665,-80.81653,0.8094198254,-80.00711017
G42,Jacob,35.237997,0.8007597375,36.03875674,-80.81653,0.5635866118,-80.25294339
G42,Paris,35.237997,0.6460400343,35.88403703,-80.81653,0.4948913734,-80.32163863
G42,Joe,35.237997,0.3762432932,35.61424029,-80.81653,0.3496774987,-80.4668525
G42,Silvia,35.237997,0.8815962773,36.11959328,-80.81653,0.9560106442,-79.86051936
G42,Sina,35.237997,0.1215317121,35.35952871,-80.81653,0.1419999888,-80.67453001
G42,Julius,35.237997,0.1348851226,35.37288212,-80.81653,0.02781993524,-80.78871006
G42,Rixon,35.237997,0.8268915595,36.06488856,-80.81653,0.6630045522,-80.15352545
G42,Robin,35.237997,0.5955595403,35.83355654,-80.81653,0.0408032882,-80.77572671
G42,Tob,35.237997,0.7335622156,35.97155922,-80.81653,0.4696555878,-80.34687441
G42,Tom,35.237997,0.05563026242,35.29362726,-80.81653,0.633887497,-80.1826425
G42,Tone,35.237997,0.8162640685,36.05426107,-80.81653,0.8492135092,-79.96731649
G42,Washington,35.237997,0.4792440735,35.71724107,-80.81653,0.05900555389,-80.75752445
G42,Peyton,35.237997,0.2249237224,35.46292072,-80.81653,0.1976723737,-80.61885763
G42,Giles,35.237997,0.3543981413,35.59239514,-80.81653,0.9806303617,-79.83589964
G42,Peter,35.237997,0.8042839649,36.04228096,-80.81653,0.4624176431,-80.35411236
G42,Grace,35.237997,0.5768945299,35.81489153,-80.81653,0.1413809913,-80.67514901
G42,Sam,35.237997,0.7527862043,35.9907832,-80.81653,0.1374574399,-80.67907256
G42,Mack,35.237997,0.9636909732,36.20168797,-80.81653,0.8544840573,-79.96204594
G42,Jim,35.237997,0.8409572353,36.07895424,-80.81653,0.7960287595,-80.02050124
G42,Rachel,35.237997,0.8140811875,36.05207819,-80.81653,0.3191699141,-80.49736009
G42,Jack,35.237997,0.8143853368,36.05238234,-80.81653,0.21293456,-80.60359544
G42,Charles,35.237997,0.8705373822,36.10853438,-80.81653,0.7877558254,-80.02877417
G42,Hannibal,35.237997,0.1152403198,35.35323732,-80.81653,0.2021986151,-80.61433138
G42,Edmund,35.237997,0.1673887509,35.40538575,-80.81653,0.773100451,-80.04342955
G42,King,35.237997,0.4053094855,35.64330649,-80.81653,0.5122269836,-80.30430302
G42,Robert,35.237997,0.3887378589,35.62673486,-80.81653,0.7303102392,-80.08621976
G42,Dennis,35.237997,0.4269471582,35.66494416,-80.81653,0.5714596468,-80.24507035
G42,Scott,35.237997,0.7342029942,35.97219999,-80.81653,0.0131751096,-80.80335489
G42,Hector,35.237997,0.9385489413,36.17654594,-80.81653,0.8564268911,-79.96010311
G42,John,35.237997,0.8624125231,36.10040952,-80.81653,0.7580638357,-80.05846616
G42,Ellick,35.237997,0.07867448124,35.31667148,-80.81653,0.9082641007,-79.9082659
G42,Bill,35.237997,0.1509901749,35.38898717,-80.81653,0.6283015451,-80.18822845
G42,Sarah,35.237997,0.8963836997,36.1343807,-80.81653,0.003280464453,-80.81324954
G42,Henry,35.237997,0.3844993358,35.62249634,-80.81653,0.8308923035,-79.9856377
G42,Lucy,35.237997,0.6114817647,35.84947876,-80.81653,0.5914418547,-80.22508815
G42,Old Jim,35.237997,0.6180340105,35.85603101,-80.81653,0.3434691193,-80.47306088
G43,Sam,35.339678,0.6920690179,36.03174702,-79.415549,0.4600618157,-78.95548718
G43,Silva,35.339678,0.6265473699,35.96622537,-79.415549,0.03931224052,-79.37623676
G43,Brantly,35.339678,0.1410704057,35.48074841,-79.415549,0.2181663944,-79.19738261
G43,Dicy,35.339678,0.2544158025,35.5940938,-79.415549,0.1270553181,-79.28849368
G43,Daniel,35.339678,0.6294111721,35.96908917,-79.415549,0.8926049812,-78.52294402
G43,George,35.339678,0.5450939626,35.88477196,-79.415549,0.6123063101,-78.80324269
G44,Bill,35.366763,0.7904642236,36.15722722,-79.889575,0.8958400088,-78.99373499
G44,John,35.366763,0.6290934823,35.99585648,-79.889575,0.001979024809,-79.88759598
G44,Nan,35.366763,0.1657075958,35.5324706,-79.889575,0.2864083944,-79.60316661
G44,Peter,35.366763,0.5551104763,35.92187348,-79.889575,0.1979194311,-79.69165557
G44,July,35.366763,0.8607014447,36.22746444,-79.889575,0.468378414,-79.42119659
G45,Simon,35.404873,0.09225528604,35.49712829,-80.578954,0.03180063451,-80.54715337
G45,Harry,35.404873,0.9071597585,36.31203276,-80.578954,0.3409210138,-80.23803299
G45,Levi,35.404873,0.742446845,36.14731984,-80.578954,0.5737609119,-80.00519309
G45,Silas,35.404873,0.9328056153,36.33767862,-80.578954,0.4416959447,-80.13725806
G45,Anniky,35.404873,0.9656948916,36.37056789,-80.578954,0.6765016449,-79.90245236
G45,Joe,35.404873,0.8957486875,36.30062169,-80.578954,0.05956564938,-80.51938835
G45,Richard,35.404873,0.8248998545,36.22977285,-80.578954,0.996305131,-79.58264887
G45,John,35.404873,0.05231159501,35.4571846,-80.578954,0.3077629393,-80.27119106
G45,Jim,35.404873,0.7417742346,36.14664723,-80.578954,0.3425590729,-80.23639493
G45,Peter,35.404873,0.7826968515,36.18756985,-80.578954,0.1357492431,-80.44320476
G45,Moses,35.404873,0.865475827,36.27034883,-80.578954,0.8558916955,-79.7230623
G45,Lewis,35.404873,0.5118795802,35.91675258,-80.578954,0.557426509,-80.02152749
G45,Squire,35.404873,0.1876110209,35.59248402,-80.578954,0.4880633034,-80.0908907
G45,Jude,35.404873,0.4260222705,35.83089527,-80.578954,0.5290558271,-80.04989817
G45,Tom,35.404873,0.1916136247,35.59648662,-80.578954,0.1685833675,-80.41037063
G45,Tim,35.404873,0.5180389161,35.92291192,-80.578954,0.9192570034,-79.659697
G45,Hugh,35.404873,0.6544486162,36.05932162,-80.578954,0.08600990537,-80.49294409
G46,Ned,35.459588,0.2983238564,35.75791186,-77.68605,0.5760131659,-77.11003683
G46,Lewis,35.459588,0.5805790649,36.04016706,-77.68605,0.7065480111,-76.97950199
G46,Chance,35.459588,0.2048602478,35.66444825,-77.68605,0.2650023965,-77.4210476
G46,Spencer,35.459588,0.9517352917,36.41132329,-77.68605,0.5975301284,-77.08851987
G47,Tom,35.464052,0.8458196344,36.30987163,-81.247804,0.08626901847,-81.16153498
G47,Bill,35.464052,0.533937334,35.99798933,-81.247804,0.245388703,-81.0024153
G47,Sherod,35.464052,0.04036329821,35.5044153,-81.247804,0.1818029142,-81.06600109
G47,Lucy,35.464052,0.8612612149,36.32531321,-81.247804,0.8617060117,-80.38609799
G47,Wardy,35.464052,0.6007925247,36.06484452,-81.247804,0.1377085644,-81.11009544
G47,Jinney,35.464052,0.3829551045,35.8470071,-81.247804,0.4898538809,-80.75795012
G47,Reuben,35.464052,0.660724799,36.1247768,-81.247804,0.4271392629,-80.82066474
G48,Emsly,35.52346,0.7387711987,36.2622312,-78.346821,0.4697501519,-77.87707085
G48,Ben,35.52346,0.4169808693,35.94044087,-78.346821,0.7029901997,-77.6438308
G48,Jarvis,35.52346,0.04197957685,35.56543958,-78.346821,0.7286170799,-77.61820392
G48,Viney,35.52346,0.5628590849,36.08631908,-78.346821,0.3545571776,-77.99226382
G48,Tom,35.52346,0.678791623,36.20225162,-78.346821,0.2587123703,-78.08810863
G48,Mike,35.52346,0.6710840886,36.19454409,-78.346821,0.8151710145,-77.53164999
G48,Robin,35.52346,0.4582867649,35.98174676,-78.346821,0.1643240693,-78.18249693
G48,Abram,35.52346,0.8877017306,36.41116173,-78.346821,0.9265322094,-77.42028879
G48,Dick,35.52346,0.4029806984,35.9264407,-78.346821,0.5335082573,-77.81331274
G48,Solomon,35.52346,0.6534361297,36.17689613,-78.346821,0.7115402499,-77.63528075
G48,Virgil,35.52346,0.1945869074,35.71804691,-78.346821,0.1668623325,-78.17995867
G48,Emsley,35.52346,0.7345343094,36.25799431,-78.346821,0.1154084027,-78.2314126
G48,Elisha,35.52346,0.3731308834,35.89659088,-78.346821,0.505947953,-77.84087305
G48,Daniel,35.52346,0.6570328602,36.18049286,-78.346821,0.282472887,-78.06434811
G48,Jerry,35.52346,0.1243199303,35.64777993,-78.346821,0.4058164485,-77.94100455
G48,Peggy,35.52346,0.06094624249,35.58440624,-78.346821,0.3341649588,-78.01265604
G48,Peter,35.52346,0.6270230403,36.15048304,-78.346821,0.2255754752,-78.12124552
G48,Cashus,35.52346,0.466481695,35.9899417,-78.346821,0.1960616739,-78.15075933
G48,Zeb,35.52346,0.9200694303,36.44352943,-78.346821,0.9323298769,-77.41449112
G49,Jacob,35.524359,0.2435375475,35.76789655,-76.826018,0.03583560321,-76.7901824
G49,Judy,35.524359,0.4886522103,36.01301121,-76.826018,0.9695126141,-75.85650539
G49,Bill,35.524359,0.04707512739,35.57143413,-76.826018,0.2694810023,-76.556537
G49,George,35.524359,0.8718687533,36.39622775,-76.826018,0.8011022439,-76.02491576
G49,Simon,35.524359,0.8012239307,36.32558293,-76.826018,0.7737250358,-76.05229296
G49,Tom,35.524359,0.6139149643,36.13827396,-76.826018,0.6571336963,-76.1688843
G49,Moses,35.524359,0.2390721555,35.76343116,-76.826018,0.01448093531,-76.81153706
G49,Caesar,35.524359,0.5848683073,36.10922731,-76.826018,0.7500086254,-76.07600937
G49,Ruth,35.524359,0.61601372,36.14037272,-76.826018,0.8241380731,-76.00187993
G49,Abram,35.524359,0.798668731,36.32302773,-76.826018,0.3602800913,-76.46573791
G49,Pluto,35.524359,0.1734048831,35.69776388,-76.826018,0.797106118,-76.02891188
G49,Hardy,35.524359,0.2747782718,35.79913727,-76.826018,0.7878350311,-76.03818297
G49,Aaron,35.524359,0.2253838827,35.74974288,-76.826018,0.9391562041,-75.8868618
G49,David,35.524359,0.5981439687,36.12250297,-76.826018,0.3908572367,-76.43516076
G49,Brister,35.524359,0.9424099322,36.46676893,-76.826018,0.7206779879,-76.10534001
G49,Harry,35.524359,0.7046963935,36.22905539,-76.826018,0.2798825385,-76.54613546
G49,Ben,35.524359,0.4058899619,35.93024896,-76.826018,0.9190680629,-75.90694994
G49,Nelly,35.524359,0.08500990959,35.60936891,-76.826018,0.7650382389,-76.06097976
G49,Toney,35.524359,0.7828175107,36.30717651,-76.826018,0.1662756417,-76.65974236
G49,Albert,35.524359,0.2883758343,35.81273483,-76.826018,0.2666999715,-76.55931803
G49,Drew,35.524359,0.3194028587,35.84376186,-76.826018,0.4723791672,-76.35363883
G50,Molly,35.583556,0.007965552084,35.59152155,-82.532611,0.06693228536,-82.46567871
G50,George,35.583556,0.6581134654,36.24166947,-82.532611,0.9063948432,-81.62621616
G50,Peter,35.583556,0.5226832189,36.10623922,-82.532611,0.3029628839,-82.22964812
G50,Dick,35.583556,0.9513731358,36.53492914,-82.532611,0.2658976068,-82.26671339
G51,Stephen,35.664312,0.2035474071,35.86785941,-81.224286,0.8644580656,-80.35982793
G52,Dean,35.716365,0.6635227608,36.37988776,-79.174525,0.8451606353,-78.32936436
G52,Peter,35.716365,0.7059425663,36.42230757,-79.174525,0.06152455493,-79.11300045
G52,Charles,35.716365,0.4347812179,36.15114622,-79.174525,0.1582122858,-79.01631271
G52,Harry,35.716365,0.3609157513,36.07728075,-79.174525,0.8662955718,-78.30822943
G52,Toby,35.716365,0.1192452587,35.83561026,-79.174525,0.7324140216,-78.44211098
G52,Bob,35.716365,0.8490557592,36.56542076,-79.174525,0.3119225485,-78.86260245
G52,Simon,35.716365,0.1239397558,35.84030476,-79.174525,0.3569505708,-78.81757443
G52,Peggy,35.716365,0.1427021669,35.85906717,-79.174525,0.9511724524,-78.22335255
G52,Israel,35.716365,0.5662080906,36.28257309,-79.174525,0.6491885407,-78.52533646
G52,Anthony,35.716365,0.7927360401,36.50910104,-79.174525,0.6531318057,-78.52139319
G52,Willis,35.716365,0.959072322,36.67543732,-79.174525,0.6435228777,-78.53100212
G52,Philip,35.716365,0.2245703487,35.94093535,-79.174525,0.04937363671,-79.12515136
G52,Calvin,35.716365,0.1334809121,35.84984591,-79.174525,0.6685381983,-78.5059868
G52,Jim,35.716365,0.8068858486,36.52325085,-79.174525,0.557113704,-78.6174113
G52,Aaron,35.716365,0.7456001172,36.46196512,-79.174525,0.868631383,-78.30589362
G52,Jacob,35.716365,0.03196356174,35.74832856,-79.174525,0.6112461585,-78.56327884
G52,Juno,35.716365,0.9076339013,36.6239989,-79.174525,0.8583727611,-78.31615224
G53,Jim,35.733566,0.3670955819,36.10066158,-81.685873,0.8627176454,-80.82315535
G53,Harry,35.733566,0.4613265469,36.19489255,-81.685873,0.6376411295,-81.04823187
G53,Dave,35.733566,0.8245817962,36.5581478,-81.685873,0.05860370553,-81.62726929
G53,George,35.733566,0.001700770932,35.73526677,-81.685873,0.7119026423,-80.97397036
G53,Richard,35.733566,0.3784360408,36.11200204,-81.685873,0.8487500741,-80.83712293
G54,Clayton,35.782302,0.6002172847,36.38251928,-78.665538,0.4769815542,-78.18855645
G54,Tom,35.782302,0.3074519658,36.08975397,-78.665538,0.1823180446,-78.48321996
G54,Jim,35.782302,0.9950417233,36.77734372,-78.665538,0.1664904145,-78.49904759
G54,Olive,35.782302,0.8481611797,36.63046318,-78.665538,0.4105333623,-78.25500464
G54,Sooky,35.782302,0.8632308366,36.64553284,-78.665538,0.8010670447,-77.86447096
G54,Bob,35.782302,0.1320253848,35.91432738,-78.665538,0.9230177198,-77.74252028
G54,Allen,35.782302,0.2952848984,36.0775869,-78.665538,0.6031511262,-78.06238687
G54,Simon,35.782302,0.8966346458,36.67893665,-78.665538,0.6660348749,-77.99950313
G54,Judy,35.782302,0.2146628779,35.99696488,-78.665538,0.6837952781,-77.98174272
G54,Godfrey,35.782302,0.4915561773,36.27385818,-78.665538,0.3516969483,-78.31384105
G54,George,35.782302,0.7596564452,36.54195845,-78.665538,0.606639492,-78.05889851
G54,Ben,35.782302,0.03973758022,35.82203958,-78.665538,0.525654366,-78.13988363
G54,Wake,35.782302,0.436725564,36.21902756,-78.665538,0.7795025088,-77.88603549
G54,John,35.782302,0.5120855957,36.2943876,-78.665538,0.9531704005,-77.7123676
G54,Robbin,35.782302,0.6053931864,36.38769519,-78.665538,0.810006959,-77.85553104
G54,Willie,35.782302,0.8762114592,36.65851346,-78.665538,0.3740157869,-78.29152221
G54,Lewis,35.782302,0.8355901334,36.61789213,-78.665538,0.7353253913,-77.93021261
G54,Hubbard,35.782302,0.2936766007,36.0759786,-78.665538,0.5076925227,-78.15784548
G54,Harry,35.782302,0.2375643425,36.01986634,-78.665538,0.8477066401,-77.81783136
G54,Bill,35.782302,0.6698345006,36.4521365,-78.665538,0.03261682503,-78.63292117
G54,Ned,35.782302,0.6788796396,36.46118164,-78.665538,0.09023894902,-78.57529905
G54,Martin,35.782302,0.2661141092,36.04841611,-78.665538,0.9646929639,-77.70084504
G54,Stephen,35.782302,0.1275113032,35.9098133,-78.665538,0.2977704357,-78.36776756
G54,Peter,35.782302,0.8290254674,36.61132747,-78.665538,0.5989484544,-78.06658955
G54,Edith,35.782302,0.277606236,36.05990824,-78.665538,0.9656108847,-77.69992712
G54,Ransom,35.782302,0.9891059338,36.77140793,-78.665538,0.707462003,-77.958076
G54,Charles,35.782302,0.286247639,36.06854964,-78.665538,0.5062767467,-78.15926125
G54,Sylvia,35.782302,0.955414553,36.73771655,-78.665538,0.5907031056,-78.07483489
G54,Virgil,35.782302,0.3648050292,36.14710703,-78.665538,0.8179325125,-77.84760549
G54,Fanny,35.782302,0.649090624,36.43139262,-78.665538,0.5187534923,-78.14678451
G54,Dick,35.782302,0.1945442266,35.97684623,-78.665538,0.3562735303,-78.30926447
G54,Rosetta,35.782302,0.9581155938,36.74041759,-78.665538,0.06294931332,-78.60258869
G54,Sally,35.782302,0.5686246436,36.35092664,-78.665538,0.1464572393,-78.51908076
G54,Bet,35.782302,0.28307786,36.06537986,-78.665538,0.3746545606,-78.29088344
G54,Romulus,35.782302,0.2750570953,36.0573591,-78.665538,0.3685159013,-78.2970221
G54,Willis,35.782302,0.711879754,36.49418175,-78.665538,0.01165739401,-78.65388061
G54,Tamar,35.782302,0.3293922419,36.11169424,-78.665538,0.3267973966,-78.3387406
G54,Aaron,35.782302,0.1945177621,35.97681976,-78.665538,0.9177053632,-77.74783264
G54,Nancy,35.782302,0.1217383525,35.90404035,-78.665538,0.002823625914,-78.66271437
G54,Davy,35.782302,0.8750058654,36.65730787,-78.665538,0.42871928,-78.23681872
G54,Isaac,35.782302,0.5681788094,36.35048081,-78.665538,0.6761009053,-77.98943709
G54,Calvin,35.782302,0.1170159742,35.89931797,-78.665538,0.09013399689,-78.575404
G54,David,35.782302,0.7379038703,36.52020587,-78.665538,0.6665584837,-77.99897952
G54,Washington,35.782302,0.7768280599,36.55913006,-78.665538,0.8316128139,-77.83392519
G54,Pete,35.782302,0.778647804,36.5609498,-78.665538,0.4462492332,-78.21928877
G54,Jo,35.782302,0.4287813078,36.21108331,-78.665538,0.9442048353,-77.72133316
G54,Daniel,35.782302,0.9767133215,36.75901532,-78.665538,0.7306670838,-77.93487092
G54,Joe,35.782302,0.7347963091,36.51709831,-78.665538,0.9551194961,-77.7104185
G54,Needham,35.782302,0.9844787791,36.76678078,-78.665538,0.6885890101,-77.97694899
G54,Tempy,35.782302,0.1240132562,35.90631526,-78.665538,0.08906160497,-78.5764764
G54,Emily,35.782302,0.2264518617,36.00875386,-78.665538,0.8039301086,-77.86160789
G54,Dempsey,35.782302,0.76761139,36.54991339,-78.665538,0.5630111468,-78.10252685
G54,Jerry,35.782302,0.1814149638,35.96371696,-78.665538,0.8370290643,-77.82850894
G54,Henry,35.782302,0.3070070199,36.08930902,-78.665538,0.5820791004,-78.0834589
G54,Martha,35.782302,0.1378851,35.9201871,-78.665538,0.6225041268,-78.04303387
G54,Delia,35.782302,0.4335705799,36.21587258,-78.665538,0.01438044727,-78.65115755
G54,Dave,35.782302,0.465991463,36.24829346,-78.665538,0.4159058017,-78.2496322
G54,Tim,35.782302,0.6905739125,36.47287591,-78.665538,0.3276199292,-78.33791807
G54,Abraham,35.782302,0.8520917177,36.63439372,-78.665538,0.1745373514,-78.49100065
G54,Grace,35.782302,0.4422258855,36.22452789,-78.665538,0.3022964891,-78.36324151
G54,Jinsey,35.782302,0.0422591105,35.82456111,-78.665538,0.4948398023,-78.1706982
G54,Toby,35.782302,0.9524452871,36.73474729,-78.665538,0.2072262921,-78.45831171
G54,Cato,35.782302,0.7545614198,36.53686342,-78.665538,0.09858632328,-78.56695168
G54,Luke,35.782302,0.762651934,36.54495393,-78.665538,0.7717254934,-77.89381251
G54,Dilly,35.782302,0.6933262466,36.47562825,-78.665538,0.3848766955,-78.2806613
G54,Wincy,35.782302,0.831648695,36.61395069,-78.665538,0.2326589168,-78.43287908
G54,Weston,35.782302,0.2549779713,36.03727997,-78.665538,0.9697556176,-77.69578238
G54,Lucy,35.782302,0.183066111,35.96536811,-78.665538,0.6191640949,-78.04637391
G54,Sterling,35.782302,0.1062988312,35.88860083,-78.665538,0.5985259885,-78.06701201
G55,Lunnon,35.794485,0.5314148737,36.32589987,-80.846452,0.9868281727,-79.85962383
G55,Isaac,35.794485,0.4719907925,36.26647579,-80.846452,0.81892775,-80.02752425
G55,James,35.794485,0.6642384075,36.45872341,-80.846452,0.5781903144,-80.26826169
G55,Bill,35.794485,0.6472070007,36.441692,-80.846452,0.2808816635,-80.56557034
G55,Peter,35.794485,0.3359948994,36.1304799,-80.846452,0.4975457349,-80.34890627
G55,Aaron,35.794485,0.9884103057,36.78289531,-80.846452,0.118146491,-80.72830551
G55,Abraham,35.794485,0.3730742535,36.16755925,-80.846452,0.9031457313,-79.94330627
G55,Nicodemus,35.794485,0.7967640679,36.59124907,-80.846452,0.1598284677,-80.68662353
G55,Abram,35.794485,0.3458369582,36.14032196,-80.846452,0.4751572363,-80.37129476
G56,Adam,35.814243,0.03464631457,35.84888931,-80.256418,0.5091611296,-79.74725687
G56,Abraham,35.814243,0.9829487326,36.79719173,-80.256418,0.8774193921,-79.37899861
G56,Macy,35.814243,0.4783117008,36.2925547,-80.256418,0.5604087956,-79.6960092
G56,Bill,35.814243,0.8888922955,36.7031353,-80.256418,0.5374995306,-79.71891847
G57,George,35.901375,0.5568402278,36.45821523,-77.551817,0.7523356032,-76.7994814
G57,Temp,35.901375,0.6838155394,36.58519054,-77.551817,0.5933125338,-76.95850447
G57,Jack,35.901375,0.936062708,36.83743771,-77.551817,0.181744591,-77.37007241
G57,Allen,35.901375,0.4753908086,36.37676581,-77.551817,0.6442593416,-76.90755766
G57,Daniel,35.901375,0.63102577,36.53240077,-77.551817,0.7295704761,-76.82224652
G57,Isaac,35.901375,0.357810186,36.25918519,-77.551817,0.6772206366,-76.87459636
G57,Tim,35.901375,0.6547610944,36.55613609,-77.551817,0.1444794369,-77.40733756
G57,Washington,35.901375,0.1292462723,36.03062127,-77.551817,0.4676920427,-77.08412496
G57,Rickey,35.901375,0.595784838,36.49715984,-77.551817,0.8475825444,-76.70423446
G57,Jacob,35.901375,0.5450112324,36.44638623,-77.551817,0.9668769053,-76.58494009
G57,Silas,35.901375,0.05113642198,35.95251142,-77.551817,0.2825261977,-77.2692908
G57,Steward,35.901375,0.551322246,36.45269725,-77.551817,0.8377929665,-76.71402403
G57,Moses,35.901375,0.09324891088,35.99462391,-77.551817,0.856830863,-76.69498614
G57,Pherbie,35.901375,0.1492195382,36.05059454,-77.551817,0.8866598662,-76.66515713
G57,Sam,35.901375,0.3130373988,36.2144124,-77.551817,0.7749762306,-76.77684077
G57,Dason,35.901375,0.8481094569,36.74948446,-77.551817,0.7173958719,-76.83442113
G57,Harry,35.901375,0.9319280719,36.83330307,-77.551817,0.9265737925,-76.62524321
G57,Isham,35.901375,0.3150603041,36.2164353,-77.551817,0.4124745881,-77.13934241
G57,Will,35.901375,0.8138877,36.7152627,-77.551817,0.9923455791,-76.55947142
G57,Petyon,35.901375,0.4939361865,36.39531119,-77.551817,0.3863064884,-77.16551051
G57,John,35.901375,0.3147334901,36.21610849,-77.551817,0.7979874092,-76.75382959
G57,Siller,35.901375,0.545408259,36.44678326,-77.551817,0.06947581001,-77.48234119
G57,Davy,35.901375,0.9881145463,36.88948955,-77.551817,0.8659052234,-76.68591178
G57,Bryant,35.901375,0.785653085,36.68702809,-77.551817,0.643461206,-76.90835579
G57,Judy,35.901375,0.5116916146,36.41306661,-77.551817,0.9749700682,-76.57684693
G57,Alfred,35.901375,0.9220812668,36.82345627,-77.551817,0.3639081456,-77.18790885
G57,Miles,35.901375,0.4174585512,36.31883355,-77.551817,0.1796613555,-77.37215564
G57,Dick,35.901375,0.295804615,36.19717961,-77.551817,0.8722347223,-76.67958228
G57,Rose,35.901375,0.4992310237,36.40060602,-77.551817,0.2062039399,-77.34561306
G58,Allen,35.965723,0.2429436783,36.20866668,-77.963665,0.4145972902,-77.54906771
G58,Toney,35.965723,0.1485810134,36.11430401,-77.963665,0.931623237,-77.03204176
G58,Guy,35.965723,0.7336192089,36.69934221,-77.963665,0.7564023528,-77.20726265
G58,Decatur,35.965723,0.4365560521,36.40227905,-77.963665,0.962239383,-77.00142562
G58,Daniel,35.965723,0.9950051662,36.96072817,-77.963665,0.3201330658,-77.64353193
G58,Jack,35.965723,0.9391427946,36.90486579,-77.963665,0.3143153682,-77.64934963
G58,Harry,35.965723,0.1827209157,36.14844392,-77.963665,0.2828959807,-77.68076902
G58,Bettey,35.965723,0.1045037886,36.07022679,-77.963665,0.2178130818,-77.74585192
G58,Burrel,35.965723,0.345796803,36.3115198,-77.963665,0.9745436777,-76.98912132
G58,Gray,35.965723,0.2125366695,36.17825967,-77.963665,0.9240619833,-77.03960302
G58,Tom,35.965723,0.900285222,36.86600822,-77.963665,0.4223755848,-77.54128942
G59,Caleb,36.082547,0.5934139437,36.67596094,-79.790064,0.6123069287,-79.17775707
G59,Judy,36.082547,0.7542511078,36.83679811,-79.790064,0.627267911,-79.16279609
G59,Vina,36.082547,0.9907127564,37.07325976,-79.790064,0.5243916038,-79.2656724
G59,Kit,36.082547,0.7344323833,36.81697938,-79.790064,0.5397707152,-79.25029328
G59,Davy,36.082547,0.5939241472,36.67647115,-79.790064,0.9801988395,-78.80986516
G59,Ned,36.082547,0.377508257,36.46005526,-79.790064,0.4724899275,-79.31757407
G59,Thornton,36.082547,0.970044702,37.0525917,-79.790064,0.06097976138,-79.72908424
G60,James,36.094733,0.7449718092,36.83970481,-78.300566,0.1543292083,-78.14623679
G60,Phill,36.094733,0.6182356422,36.71296864,-78.300566,0.3185531849,-77.98201282
G60,Jim,36.094733,0.1815156234,36.27624862,-78.300566,0.9484094922,-77.35215651
G60,Gloster,36.094733,0.2069417429,36.30167474,-78.300566,0.6538686767,-77.64669732
G60,Granderson,36.094733,0.7971813534,36.89191435,-78.300566,0.1423434287,-78.15822257
G60,Guilford,36.094733,0.3592774275,36.45401043,-78.300566,0.4900429118,-77.81052309
G60,Tom,36.094733,0.5509838438,36.64571684,-78.300566,0.2287773406,-78.07178866
G60,unknown,36.094733,0.587920003,36.682653,-78.300566,0.9772724738,-77.32329353
G60,Cyrus,36.094733,0.7391255253,36.83385853,-78.300566,0.8556071611,-77.44495884
G60,Jenny,36.094733,0.1813296427,36.27606264,-78.300566,0.3476912825,-77.95287472
G60,Alfred,36.094733,0.2382069441,36.33293994,-78.300566,0.5970346057,-77.70353139
G61,Charles,36.400137,0.3731037226,36.77324072,-79.349445,0.7780971323,-78.57134787
G61,Bartlet,36.400137,0.2700871866,36.67022419,-79.349445,0.9147884938,-78.43465651
G61,Ned,36.400137,0.42804977,36.82818677,-79.349445,0.5114661016,-78.8379789
G61,Jerry,36.400137,0.690450445,37.09058744,-79.349445,0.007651484485,-79.34179352
G61,Caleb,36.400137,0.6226353641,37.02277236,-79.349445,0.2813748693,-79.06807013
G61,Jack,36.400137,0.7610075358,37.16114454,-79.349445,0.6292877729,-78.72015723
G61,Tom,36.400137,0.8324781438,37.23261514,-79.349445,0.7270551426,-78.62238986
G61,Samuel,36.400137,0.1520556134,36.55219261,-79.349445,0.159769423,-79.18967558
G61,Arnold,36.400137,0.2422311324,36.64236813,-79.349445,0.8841323749,-78.46531263
G61,Virgil,36.400137,0.09739940518,36.49753641,-79.349445,0.09378173639,-79.25566326
G61,Warner,36.400137,0.8184819254,37.21861893,-79.349445,0.5935959512,-78.75584905
G61,Jane,36.400137,0.4501041496,36.85024115,-79.349445,0.8350082927,-78.51443671
